stat,trip_id,wh.km-1,speed,power,current,current_phase,temperature,motor_temperature,battery_temperature,safety_margin
min,0,-486.875,3.02,-3998.0,-34.29,-157.59,26.0,20.0,,39.0
max,0,398.1308411214953,54.86,6464.0,55.46,129.5,38.0,84.0,,100.0
mean,0,35.091334335104065,33.65464399883755,1221.8930543446672,10.251015402499274,18.27976169718105,33.712176692821856,69.54617843650102,,63.69723917465853
std_dev,0,45.54838231768094,11.23244309514349,1314.6807051080498,10.93766275385845,28.082390778034124,1.833620930366583,14.042679492050285,,12.087610122119132
