stat,trip_id,wh.km-1,speed,power,current,current_phase,temperature,motor_temperature,battery_temperature,safety_margin
min,0,-186.09271523178808,3.02,-3355.0,-26.96,-139.09,26.0,,,46.0
max,0,601.7543859649122,59.47,7543.0,59.02,112.39,34.0,,,97.0
mean,0,31.77449884153133,35.69983377221857,1184.163759052008,9.350776278253237,15.974947333772217,29.334211103796356,,,69.09770682466535
std_dev,0,41.616413610748275,12.095804978342038,1357.2268271144524,10.76422107710078,24.095114672838612,1.3994329467036917,,,10.952264749888858
min,1,-140.63957361758827,3.02,-3314.0,-29.17,-127.0,28.0,,,39.0
max,1,394.10377358490564,61.05,6547.0,57.56,128.39,35.0,,,97.0
mean,1,26.66391153948796,37.18843421426541,1023.8234725774367,8.69204319408923,14.863893151463484,30.909178743961352,,,65.4308610400682
std_dev,1,32.3028196387599,12.289598130070189,1127.4506176717885,9.684291259884397,20.494744016777542,1.1962881575795672,,,12.222736391484391
