stat,trip_id,wh.km-1,speed,power,current,current_phase,temperature,motor_temperature,battery_temperature,safety_margin
min,0,-51.05704028719585,3.02,-1280.0,-16.19,,30.0,27.0,29.0,25.0
max,0,153.12046444121916,37.03,2674.0,37.71,,47.0,64.0,35.0,100.0
mean,0,21.75143858035367,26.584783827061646,585.5858686949559,7.712648118494796,,42.266613290632506,51.06765412329864,31.027822257806246,52.08947157726181
std_dev,0,21.18996785606731,7.31631378637681,521.5220394864785,6.931799943993047,,2.4871590579524776,8.8035520734744,1.720112009887596,12.862505404713307
