stat,trip_id,wh.km-1,speed,power,current,current_phase,temperature,motor_temperature,battery_temperature,safety_margin
min,0,-46.34255129348795,3.15,-1193.0,-15.28,,23.0,23.0,22.0,21.0
max,0,271.7647058823529,38.16,2735.0,39.73,,44.0,61.0,30.0,99.0
mean,0,19.851248453567745,26.66640018484288,523.1476432532347,7.001109057301294,,37.93438077634011,47.21118299445472,26.503927911275415,52.384935304990755
std_dev,0,22.16204884724005,8.771367079981685,503.67619455040165,6.763158116852558,,3.8799694836441487,10.263491616750422,2.5361692890462284,14.404139893744086
min,1,-51.05704028719585,3.02,-1280.0,-16.19,,30.0,27.0,29.0,25.0
max,1,153.12046444121916,37.03,2674.0,37.71,,47.0,64.0,35.0,100.0
mean,1,21.75143858035367,26.584783827061646,585.5858686949559,7.712648118494796,,42.266613290632506,51.06765412329864,31.027822257806246,52.08947157726181
std_dev,1,21.18996785606731,7.31631378637681,521.5220394864785,6.931799943993047,,2.4871590579524776,8.8035520734744,1.720112009887596,12.862505404713307
